/*UTILIZO SYSTEM COMO USUARIO Y CONTRASEÑA EN LA CONEXIÓN.*/


/*NO HACE FALTA PREGUNTAR SI EXISTE. SI NO EXISTE, ENTONCES IGNORAREMOS EL ERROR Y FUNCIONARÁ IGUAL.*/
DROP TABLE HORARIO;
DROP TABLE REPARTO;
DROP TABLE TRAMOHORARIO;
DROP TABLE ASIGNATURA;
DROP TABLE CURSO;
DROP TABLE PROFESOR;
DROP TABLE OFERTAEDUCATIVA;



  CREATE TABLE "SYSTEM"."OFERTAEDUCATIVA" 
   (	"CODOE" CHAR(3 BYTE) NOT NULL ENABLE, 
	"NOMBRE" VARCHAR2(70 BYTE), 
	"DESCRIPCION" VARCHAR2(255 BYTE), 
	"TIPO" VARCHAR2(4 BYTE), 
	"FECHALEY" DATE, 
	 CONSTRAINT "AOFERTAEDUCATIVA_PK" PRIMARY KEY ("CODOE")
  USING INDEX PCTFREE 10 INITRANS 2 MAXTRANS 255 
  STORAGE(INITIAL 65536 NEXT 1048576 MINEXTENTS 1 MAXEXTENTS 2147483645
  PCTINCREASE 0 FREELISTS 1 FREELIST GROUPS 1 BUFFER_POOL DEFAULT)
  TABLESPACE "SYSTEM"  ENABLE
   ) PCTFREE 10 PCTUSED 40 INITRANS 1 MAXTRANS 255 NOCOMPRESS LOGGING
  STORAGE(INITIAL 65536 NEXT 1048576 MINEXTENTS 1 MAXEXTENTS 2147483645
  PCTINCREASE 0 FREELISTS 1 FREELIST GROUPS 1 BUFFER_POOL DEFAULT)
  TABLESPACE "SYSTEM" ;
 
 
  CREATE TABLE "SYSTEM"."PROFESOR" 
   (	"CODPROF" CHAR(3 BYTE) NOT NULL ENABLE, 
	"NOMBRE" VARCHAR2(20 BYTE), 
	"APELLIDOS" VARCHAR2(40 BYTE), 
	"FECHALTA" VARCHAR2(20 BYTE), 
	 CONSTRAINT "PROFESOR_PK" PRIMARY KEY ("CODPROF")
  USING INDEX PCTFREE 10 INITRANS 2 MAXTRANS 255 
  STORAGE(INITIAL 65536 NEXT 1048576 MINEXTENTS 1 MAXEXTENTS 2147483645
  PCTINCREASE 0 FREELISTS 1 FREELIST GROUPS 1 BUFFER_POOL DEFAULT)
  TABLESPACE "SYSTEM"  ENABLE
   ) PCTFREE 10 PCTUSED 40 INITRANS 1 MAXTRANS 255 NOCOMPRESS LOGGING
  STORAGE(INITIAL 65536 NEXT 1048576 MINEXTENTS 1 MAXEXTENTS 2147483645
  PCTINCREASE 0 FREELISTS 1 FREELIST GROUPS 1 BUFFER_POOL DEFAULT)
  TABLESPACE "SYSTEM" ;
 
 
  CREATE TABLE "SYSTEM"."CURSO" 
   (	"CODOE" CHAR(3 BYTE) NOT NULL ENABLE, 
	"CODCURSO" CHAR(2 BYTE) NOT NULL ENABLE, 
	"TUTOR" CHAR(3 BYTE) NOT NULL ENABLE, 
	 CONSTRAINT "CURSO_PK" PRIMARY KEY ("CODOE", "CODCURSO")
  USING INDEX PCTFREE 10 INITRANS 2 MAXTRANS 255 
  STORAGE(INITIAL 65536 NEXT 1048576 MINEXTENTS 1 MAXEXTENTS 2147483645
  PCTINCREASE 0 FREELISTS 1 FREELIST GROUPS 1 BUFFER_POOL DEFAULT)
  TABLESPACE "SYSTEM"  ENABLE, 
	 CONSTRAINT "FK_CURSO_OFERTAEDUCATIVA" FOREIGN KEY ("CODOE")
	  REFERENCES "SYSTEM"."OFERTAEDUCATIVA" ("CODOE") ENABLE, 
	 CONSTRAINT "FK_CURSO_PROFESOR" FOREIGN KEY ("TUTOR")
	  REFERENCES "SYSTEM"."PROFESOR" ("CODPROF") ENABLE
   ) PCTFREE 10 PCTUSED 40 INITRANS 1 MAXTRANS 255 NOCOMPRESS LOGGING
  STORAGE(INITIAL 65536 NEXT 1048576 MINEXTENTS 1 MAXEXTENTS 2147483645
  PCTINCREASE 0 FREELISTS 1 FREELIST GROUPS 1 BUFFER_POOL DEFAULT)
  TABLESPACE "SYSTEM" ;
 
  
 
  CREATE TABLE "SYSTEM"."ASIGNATURA" 
   (	"CODASIGNATURA" VARCHAR2(5 BYTE) NOT NULL ENABLE, 
	"NOMBRE" VARCHAR2(80 BYTE), 
	"HORASSEMANALES" NUMBER(*,0), 
	"HORASTOTALES" NUMBER(*,0), 
	 CONSTRAINT "ASIGNATURA_PK" PRIMARY KEY ("CODASIGNATURA")
  USING INDEX PCTFREE 10 INITRANS 2 MAXTRANS 255 
  STORAGE(INITIAL 65536 NEXT 1048576 MINEXTENTS 1 MAXEXTENTS 2147483645
  PCTINCREASE 0 FREELISTS 1 FREELIST GROUPS 1 BUFFER_POOL DEFAULT)
  TABLESPACE "SYSTEM"  ENABLE
   ) PCTFREE 10 PCTUSED 40 INITRANS 1 MAXTRANS 255 NOCOMPRESS LOGGING
  STORAGE(INITIAL 65536 NEXT 1048576 MINEXTENTS 1 MAXEXTENTS 2147483645
  PCTINCREASE 0 FREELISTS 1 FREELIST GROUPS 1 BUFFER_POOL DEFAULT)
  TABLESPACE "SYSTEM" ;
 

  CREATE TABLE "SYSTEM"."TRAMOHORARIO" 
   (	"CODTRAMO" CHAR(2 BYTE) NOT NULL ENABLE, 
	"HORAINICIO" VARCHAR2(8 BYTE), 
	"HORAFIN" VARCHAR2(8 BYTE), 
	"DIA" VARCHAR2(9 BYTE), 
	 CONSTRAINT "TRAMOHORARIO _PK" PRIMARY KEY ("CODTRAMO")
  USING INDEX PCTFREE 10 INITRANS 2 MAXTRANS 255 
  STORAGE(INITIAL 65536 NEXT 1048576 MINEXTENTS 1 MAXEXTENTS 2147483645
  PCTINCREASE 0 FREELISTS 1 FREELIST GROUPS 1 BUFFER_POOL DEFAULT)
  TABLESPACE "SYSTEM"  ENABLE
   ) PCTFREE 10 PCTUSED 40 INITRANS 1 MAXTRANS 255 NOCOMPRESS LOGGING
  STORAGE(INITIAL 65536 NEXT 1048576 MINEXTENTS 1 MAXEXTENTS 2147483645
  PCTINCREASE 0 FREELISTS 1 FREELIST GROUPS 1 BUFFER_POOL DEFAULT)
  TABLESPACE "SYSTEM" ;
 

  CREATE TABLE "SYSTEM"."REPARTO" 
   (	"CODOE" CHAR(3 BYTE), 
	"CODCURSO" CHAR(2 BYTE), 
	"CODASIGNATURA" VARCHAR2(5 BYTE), 
	"CODPROF" CHAR(3 BYTE), 
	 CONSTRAINT "FKK_REPARTO_PROFESOR" FOREIGN KEY ("CODPROF")
	  REFERENCES "SYSTEM"."PROFESOR" ("CODPROF") ENABLE, 
	 CONSTRAINT "FK_REPARTO_ASIGNATURA" FOREIGN KEY ("CODASIGNATURA")
	  REFERENCES "SYSTEM"."ASIGNATURA" ("CODASIGNATURA") ENABLE, 
	 CONSTRAINT "FK_REPARTO_CURSO" FOREIGN KEY ("CODOE", "CODCURSO")
	  REFERENCES "SYSTEM"."CURSO" ("CODOE", "CODCURSO") ENABLE
   ) PCTFREE 10 PCTUSED 40 INITRANS 1 MAXTRANS 255 NOCOMPRESS LOGGING
  STORAGE(INITIAL 65536 NEXT 1048576 MINEXTENTS 1 MAXEXTENTS 2147483645
  PCTINCREASE 0 FREELISTS 1 FREELIST GROUPS 1 BUFFER_POOL DEFAULT)
  TABLESPACE "SYSTEM" ;
 

  CREATE TABLE "SYSTEM"."HORARIO" 
   (	"CODTRAMO" CHAR(2 BYTE), 
	"CODOE" CHAR(3 BYTE), 
	"CODCURSO" CHAR(2 BYTE), 
	"CODASIGNATURA" VARCHAR2(5 BYTE), 
	 CONSTRAINT "FK_HORARIO_ASIGNATURA" FOREIGN KEY ("CODASIGNATURA")
	  REFERENCES "SYSTEM"."ASIGNATURA" ("CODASIGNATURA") ENABLE, 
	 CONSTRAINT "FK_HORARIO_CURSO" FOREIGN KEY ("CODOE", "CODCURSO")
	  REFERENCES "SYSTEM"."CURSO" ("CODOE", "CODCURSO") ENABLE, 
	 CONSTRAINT "FK_HORARIO_TRAMOHORARIO" FOREIGN KEY ("CODTRAMO")
	  REFERENCES "SYSTEM"."TRAMOHORARIO" ("CODTRAMO") ENABLE
   ) PCTFREE 10 PCTUSED 40 INITRANS 1 MAXTRANS 255 NOCOMPRESS LOGGING
  STORAGE(INITIAL 65536 NEXT 1048576 MINEXTENTS 1 MAXEXTENTS 2147483645
  PCTINCREASE 0 FREELISTS 1 FREELIST GROUPS 1 BUFFER_POOL DEFAULT)
  TABLESPACE "SYSTEM" ;
 

 

 
/*INSERTS*/
INSERT INTO OFERTAEDUCATIVA VALUES('SMR','Grado Medio de Sistemas Microinformáticos y Redes','El CFGM SMR tiene una duración de 2000 horas repartidas entre dos cursos académicos incluyendo un trimestre de Formacion en centros de trabajo (FCT) en empresas del Sector','CFGM','07-07-2009');
INSERT INTO OFERTAEDUCATIVA VALUES('DAM','Grado Superior de Desarollo de Aplicaciones Multiplataforma','El CFGS DAM tiene una duración de 2000 horas repartidas entre dos cursos académicos incluyendo 400 horas de Formacion en centros de trabajo (FCT) en empresas del Sector','CFGS','16-06-2011');


INSERT INTO PROFESOR VALUES('AGL','Ana','Gutiérrez Lozano','01-09-1999');
INSERT INTO PROFESOR VALUES('PJM','Pedro','Joya Máñez','01-09-2000');
INSERT INTO PROFESOR VALUES('EPM','Eva','Peralta Macías','01-09-2009');
INSERT INTO PROFESOR VALUES('MPG','Manuel Jesús','Padilla Gutiérrez','01-09-2016');
INSERT INTO PROFESOR VALUES('JGG','Javier','Graña González','01-09-2011');
INSERT INTO PROFESOR VALUES('PBG','Pilar','Baena García','01-09-2007');
INSERT INTO PROFESOR VALUES('SAA','Santiago','Acha Aller','01-09-2006');
INSERT INTO PROFESOR VALUES('DPD','Domingo','Pérez Duque','01-09-2016');
INSERT INTO PROFESOR VALUES('CJC','Carmen','Jurado Cano','01-09-2016');
INSERT INTO PROFESOR VALUES('GHC','Guillermo','Hierrezuelo Conde','01-09-2016');
INSERT INTO PROFESOR VALUES('JMG','Joaquín','Moreno Gallardo','01-09-2016');		


INSERT INTO CURSO VALUES('SMR','1A','CJC');
INSERT INTO CURSO VALUES('SMR','2A','JGG');
INSERT INTO CURSO VALUES('DAM','1A','AGL');
INSERT INTO CURSO VALUES('DAM','2A','SAA');


INSERT INTO ASIGNATURA VALUES('RED', 'Redes Locales', 7,224);
INSERT INTO ASIGNATURA VALUES('@RED', 'Desdoble de Redes Locales', 3,224);
INSERT INTO ASIGNATURA VALUES('SISM', 'Sistemas operativos monopuestos', 5,160);
INSERT INTO ASIGNATURA VALUES('MONT', 'Montaje y mantenimiento de equipos', 7,224);
INSERT INTO ASIGNATURA VALUES('@MONT', 'Desdoble de Montaje y mantenimiento de equipos', 3,224);
INSERT INTO ASIGNATURA VALUES('APLI', 'Aplicaciones ofimáticas', 8, 256);
INSERT INTO ASIGNATURA VALUES('@APLI', 'Desdoble de Aplicaciones ofimáticas', 4, 256);
INSERT INTO ASIGNATURA VALUES('SEG', 'Seguridad informática', 5,105);
INSERT INTO ASIGNATURA VALUES('HLC', 'Horas de Libre Configuración', 3,63);
INSERT INTO ASIGNATURA VALUES('SISR', 'Sistemas operativos en red',7,147);
INSERT INTO ASIGNATURA VALUES('SERV','Servicios en red',7,147);
INSERT INTO ASIGNATURA VALUES('APLIW','Aplicaciones web',4,84);
INSERT INTO ASIGNATURA VALUES('EIEM', 'Empresa e iniciativa empresarial', 4,84);
INSERT INTO ASIGNATURA VALUES('SIST','Sistemas informáticos',6,192);
INSERT INTO ASIGNATURA VALUES('@SIST','Desdoble de Sistemas informáticos',3,192);
INSERT INTO ASIGNATURA VALUES('BDD','Bases de Datos',6,192);
INSERT INTO ASIGNATURA VALUES('@BDD','Desdoble de Bases de Datos',3,192);
INSERT INTO ASIGNATURA VALUES('PROG','Programación',8, 256);
INSERT INTO ASIGNATURA VALUES('@PROG','Desdoble de Programación',6, 256);
INSERT INTO ASIGNATURA VALUES('ENT','Entornos de desarrollo',3,96);
INSERT INTO ASIGNATURA VALUES('MARC','Lenguajes de marcas y sistemas de gestión de información', 4,128);
INSERT INTO ASIGNATURA VALUES('FOL','Formación y orientación laboral',3,96);
INSERT INTO ASIGNATURA VALUES('AD','Acceso a datos',5,105);
INSERT INTO ASIGNATURA VALUES('DI','Desarrollo de interfaces',7,147);
INSERT INTO ASIGNATURA VALUES('PSPRO','Programación de servicios y procesos',3,63);
INSERT INTO ASIGNATURA VALUES('PMDMO','Programación multimedia y dispositivos móviles',4,84);
INSERT INTO ASIGNATURA VALUES('EIE','Empresa e iniciativa emprendedora',4,84);
INSERT INTO ASIGNATURA VALUES('SGE','Sistemas de gestión empresarial',4,84);


INSERT INTO TRAMOHORARIO  VALUES('L1', '08:15:00', '09:15:00', 'LUNES'); 
INSERT INTO TRAMOHORARIO  VALUES('L2', '09:15:00', '10:15:00', 'LUNES');
INSERT INTO TRAMOHORARIO  VALUES('L3', '10:15:00', '11:15:00', 'LUNES'); 
INSERT INTO TRAMOHORARIO  VALUES('L4', '11:45:00', '12:45:00', 'LUNES'); 
INSERT INTO TRAMOHORARIO  VALUES('L5', '12:45:00', '13:45:00', 'LUNES'); 
INSERT INTO TRAMOHORARIO  VALUES('L6', '13:45:00', '14:45:00', 'LUNES'); 
INSERT INTO TRAMOHORARIO  VALUES('M1', '08:15:00', '09:15:00', 'MARTES');
INSERT INTO TRAMOHORARIO  VALUES('M2', '09:15:00', '10:15:00', 'MARTES');
INSERT INTO TRAMOHORARIO  VALUES('M3', '10:15:00', '11:15:00', 'MARTES'); 
INSERT INTO TRAMOHORARIO  VALUES('M4', '11:45:00', '12:45:00', 'MARTES'); 
INSERT INTO TRAMOHORARIO  VALUES('M5', '12:45:00', '13:45:00', 'MARTES'); 
INSERT INTO TRAMOHORARIO  VALUES('M6', '13:45:00', '14:45:00', 'MARTES'); 
INSERT INTO TRAMOHORARIO  VALUES('X1', '08:15:00', '09:15:00', 'MIERCOLES');
INSERT INTO TRAMOHORARIO  VALUES('X2', '09:15:00', '10:15:00', 'MIERCOLES');
INSERT INTO TRAMOHORARIO  VALUES('X3', '10:15:00', '11:15:00', 'MIERCOLES'); 
INSERT INTO TRAMOHORARIO  VALUES('X4', '11:45:00', '12:45:00', 'MIERCOLES'); 
INSERT INTO TRAMOHORARIO  VALUES('X5', '12:45:00', '13:45:00', 'MIERCOLES'); 
INSERT INTO TRAMOHORARIO  VALUES('X6', '13:45:00', '14:45:00', 'MIERCOLES'); 
INSERT INTO TRAMOHORARIO  VALUES('J1', '08:15:00', '09:15:00', 'JUEVES'); 
INSERT INTO TRAMOHORARIO  VALUES('J2', '09:15:00', '10:15:00', 'JUEVES'); 
INSERT INTO TRAMOHORARIO  VALUES('J3', '10:15:00', '11:15:00', 'JUEVES'); 
INSERT INTO TRAMOHORARIO  VALUES('J4', '11:45:00', '12:45:00', 'JUEVES'); 
INSERT INTO TRAMOHORARIO  VALUES('J5', '12:45:00', '13:45:00', 'JUEVES'); 
INSERT INTO TRAMOHORARIO  VALUES('J6', '13:45:00', '14:45:00', 'JUEVES'); 
INSERT INTO TRAMOHORARIO  VALUES('V1', '08:15:00', '09:15:00', 'VIERNES');
INSERT INTO TRAMOHORARIO  VALUES('V2', '09:15:00', '10:15:00', 'VIERNES');
INSERT INTO TRAMOHORARIO  VALUES('V3', '10:15:00', '11:15:00', 'VIERNES'); 
INSERT INTO TRAMOHORARIO  VALUES('V4', '11:45:00', '12:45:00', 'VIERNES');
INSERT INTO TRAMOHORARIO  VALUES('V5', '12:45:00', '13:45:00', 'VIERNES'); 
INSERT INTO TRAMOHORARIO  VALUES('V6', '13:45:00', '14:45:00', 'VIERNES');


INSERT INTO REPARTO VALUES('SMR','1A','RED','JGG');
INSERT INTO REPARTO VALUES('SMR','1A','@RED','DPD');
INSERT INTO REPARTO VALUES('SMR','1A','SISM','MPG');
INSERT INTO REPARTO VALUES('SMR','1A','MONT','MPG');
INSERT INTO REPARTO VALUES('SMR','1A','@MONT','SAA');
INSERT INTO REPARTO VALUES('SMR','1A','APLI','CJC');
INSERT INTO REPARTO VALUES('SMR','1A','@APLI','PBG');
INSERT INTO REPARTO VALUES('SMR','1A','FOL','GHC');
INSERT INTO REPARTO VALUES('SMR','2A','SEG','AGL');
INSERT INTO REPARTO VALUES('SMR','2A','HLC','JGG');
INSERT INTO REPARTO VALUES('SMR','2A','SISR','PBG');
INSERT INTO REPARTO VALUES('SMR','2A','SERV','JGG');
INSERT INTO REPARTO VALUES('SMR','2A','APLIW','PJM');
INSERT INTO REPARTO VALUES('SMR','2A','EIEM','GHC');
INSERT INTO REPARTO VALUES('DAM','1A','SIST','CJC');
INSERT INTO REPARTO VALUES('DAM','1A','@SIST','PBG');
INSERT INTO REPARTO VALUES('DAM','1A','BDD','AGL');
INSERT INTO REPARTO VALUES('DAM','1A','@BDD','PJM');
INSERT INTO REPARTO VALUES('DAM','1A','PROG','EPM');
INSERT INTO REPARTO VALUES('DAM','1A','@PROG','AGL');
INSERT INTO REPARTO VALUES('DAM','1A','ENT','JGG');
INSERT INTO REPARTO VALUES('DAM','1A','MARC','DPD');
INSERT INTO REPARTO VALUES('DAM','1A','FOL','GHC');
INSERT INTO REPARTO VALUES('DAM','2A','AD','EPM');
INSERT INTO REPARTO VALUES('DAM','2A','DI','SAA');
INSERT INTO REPARTO VALUES('DAM','2A','PSPRO','PJM');
INSERT INTO REPARTO VALUES('DAM','2A','PMDMO','PJM');
INSERT INTO REPARTO VALUES('DAM','2A','EIE','GHC');
INSERT INTO REPARTO VALUES('DAM','2A','SGE','CJC');
INSERT INTO REPARTO VALUES('DAM','2A','HLC','DPD');


INSERT INTO HORARIO VALUES('L1','DAM','1A','PROG');
INSERT INTO HORARIO VALUES('L2','DAM','1A','SIST');
INSERT INTO HORARIO VALUES('L3','DAM','1A','FOL');
INSERT INTO HORARIO VALUES('M1','DAM','1A','ENT');
INSERT INTO HORARIO VALUES('M2','DAM','1A','PROG');
INSERT INTO HORARIO VALUES('M3','DAM','1A','SIST');
INSERT INTO HORARIO VALUES('X1','DAM','1A','MARC');
INSERT INTO HORARIO VALUES('X2','DAM','1A','BDD');
INSERT INTO HORARIO VALUES('X3','DAM','1A','BDD');
INSERT INTO HORARIO VALUES('J1','DAM','1A','FOL');
INSERT INTO HORARIO VALUES('J2','DAM','1A','BDD');
INSERT INTO HORARIO VALUES('J3','DAM','1A','PROG');
INSERT INTO HORARIO VALUES('V1','DAM','1A','BDD');
INSERT INTO HORARIO VALUES('V2','DAM','1A','BDD');
INSERT INTO HORARIO VALUES('V3','DAM','1A','SIST');
INSERT INTO HORARIO VALUES('L4','DAM','1A','PROG');
INSERT INTO HORARIO VALUES('L5','DAM','1A','MARC');
INSERT INTO HORARIO VALUES('L6','DAM','1A','SIST');
INSERT INTO HORARIO VALUES('M4','DAM','1A','FOL');
INSERT INTO HORARIO VALUES('M5','DAM','1A','MARC');
INSERT INTO HORARIO VALUES('M6','DAM','1A','SIST');
INSERT INTO HORARIO VALUES('X4','DAM','1A','PROG');
INSERT INTO HORARIO VALUES('X5','DAM','1A','SIST');
INSERT INTO HORARIO VALUES('X6','DAM','1A','ENT');
INSERT INTO HORARIO VALUES('J4','DAM','1A','PROG');
INSERT INTO HORARIO VALUES('J5','DAM','1A','MARC');
INSERT INTO HORARIO VALUES('J6','DAM','1A','BDD');
INSERT INTO HORARIO VALUES('V4','DAM','1A','PROG');
INSERT INTO HORARIO VALUES('V5','DAM','1A','PROG');
INSERT INTO HORARIO VALUES('V6','DAM','1A','ENT');
INSERT INTO HORARIO VALUES('X2','DAM','1A','@BDD');
INSERT INTO HORARIO VALUES('X3','DAM','1A','@BDD');
INSERT INTO HORARIO VALUES('J2','DAM','1A','@BDD');
INSERT INTO HORARIO VALUES('L1','DAM','1A','@PROG');
INSERT INTO HORARIO VALUES('M2','DAM','1A','@PROG');
INSERT INTO HORARIO VALUES('X4','DAM','1A','@PROG');
INSERT INTO HORARIO VALUES('J3','DAM','1A','@PROG');
INSERT INTO HORARIO VALUES('J4','DAM','1A','@PROG');
INSERT INTO HORARIO VALUES('V4','DAM','1A','@PROG');
INSERT INTO HORARIO VALUES('L2','DAM','1A','@SIST');
INSERT INTO HORARIO VALUES('M3','DAM','1A','@SIST');
INSERT INTO HORARIO VALUES('V3','DAM','1A','@SIST');

INSERT INTO HORARIO VALUES('L1','SMR','1A','APLI');
INSERT INTO HORARIO VALUES('L2','SMR','1A','SISM');
INSERT INTO HORARIO VALUES('L3','SMR','1A','MONT');
INSERT INTO HORARIO VALUES('M1','SMR','1A','MONT');
INSERT INTO HORARIO VALUES('M2','SMR','1A','MONT');
INSERT INTO HORARIO VALUES('M2','SMR','1A','@MONT');
INSERT INTO HORARIO VALUES('M3','SMR','1A','MONT');
INSERT INTO HORARIO VALUES('M3','SMR','1A','@MONT');
INSERT INTO HORARIO VALUES('X1','SMR','1A','APLI');
INSERT INTO HORARIO VALUES('X2','SMR','1A','SISM');
INSERT INTO HORARIO VALUES('X3','SMR','1A','SISM');
INSERT INTO HORARIO VALUES('J1','SMR','1A','RED');
INSERT INTO HORARIO VALUES('J2','SMR','1A','RED');
INSERT INTO HORARIO VALUES('J3','SMR','1A','SISM');
INSERT INTO HORARIO VALUES('V1','SMR','1A','RED');
INSERT INTO HORARIO VALUES('V2','SMR','1A','RED');
INSERT INTO HORARIO VALUES('V3','SMR','1A','RED');
INSERT INTO HORARIO VALUES('V3','SMR','1A','@RED');
INSERT INTO HORARIO VALUES('L4','SMR','1A','RED');
INSERT INTO HORARIO VALUES('L4','SMR','1A','@RED');
INSERT INTO HORARIO VALUES('L5','SMR','1A','FOL');
INSERT INTO HORARIO VALUES('L6','SMR','1A','MONT');
INSERT INTO HORARIO VALUES('L6','SMR','1A','@MONT');
INSERT INTO HORARIO VALUES('M4','SMR','1A','APLI');
INSERT INTO HORARIO VALUES('M4','SMR','1A','@APLI');
INSERT INTO HORARIO VALUES('M5','SMR','1A','SISM');
INSERT INTO HORARIO VALUES('M6','SMR','1A','RED');
INSERT INTO HORARIO VALUES('M6','SMR','1A','@RED');
INSERT INTO HORARIO VALUES('X4','SMR','1A','APLI');
INSERT INTO HORARIO VALUES('X4','SMR','1A','@APLI');
INSERT INTO HORARIO VALUES('X5','SMR','1A','FOL');
INSERT INTO HORARIO VALUES('X6','SMR','1A','MONT');
INSERT INTO HORARIO VALUES('J4','SMR','1A','APLI');
INSERT INTO HORARIO VALUES('J4','SMR','1A','@APLI');
INSERT INTO HORARIO VALUES('J5','SMR','1A','MONT');
INSERT INTO HORARIO VALUES('J6','SMR','1A','APLI');
INSERT INTO HORARIO VALUES('V4','SMR','1A','APLI');
INSERT INTO HORARIO VALUES('V4','SMR','1A','@APLI');
INSERT INTO HORARIO VALUES('V5','SMR','1A','APLI');
INSERT INTO HORARIO VALUES('V6','SMR','1A','FOL');

INSERT INTO HORARIO VALUES('L1','SMR','2A','SISR');
INSERT INTO HORARIO VALUES('L2','SMR','2A','EIEM');
INSERT INTO HORARIO VALUES('L3','SMR','2A','SEG');
INSERT INTO HORARIO VALUES('L4','SMR','2A','APLIW');
INSERT INTO HORARIO VALUES('L5','SMR','2A','HLC');
INSERT INTO HORARIO VALUES('L6','SMR','2A','SERV');
INSERT INTO HORARIO VALUES('M1','SMR','2A','SISR');
INSERT INTO HORARIO VALUES('M2','SMR','2A','HLC');
INSERT INTO HORARIO VALUES('M3','SMR','2A','SEG');
INSERT INTO HORARIO VALUES('M4','SMR','2A','SERV');
INSERT INTO HORARIO VALUES('M5','SMR','2A','SERV');
INSERT INTO HORARIO VALUES('M6','SMR','2A','APLIW');
INSERT INTO HORARIO VALUES('X1','SMR','2A','SISR');
INSERT INTO HORARIO VALUES('X2','SMR','2A','SISR');
INSERT INTO HORARIO VALUES('X3','SMR','2A','EIEM');
INSERT INTO HORARIO VALUES('X4','SMR','2A','APLIW');
INSERT INTO HORARIO VALUES('X5','SMR','2A','SERV');
INSERT INTO HORARIO VALUES('X6','SMR','2A','SEG');
INSERT INTO HORARIO VALUES('J1','SMR','2A','APLIW');
INSERT INTO HORARIO VALUES('J2','SMR','2A','EIEM');
INSERT INTO HORARIO VALUES('J3','SMR','2A','HLC');
INSERT INTO HORARIO VALUES('J4','SMR','2A','SERV');
INSERT INTO HORARIO VALUES('J5','SMR','2A','SEG');
INSERT INTO HORARIO VALUES('J6','SMR','2A','SISR');
INSERT INTO HORARIO VALUES('V1','SMR','2A','SISR');
INSERT INTO HORARIO VALUES('V2','SMR','2A','SISR');
INSERT INTO HORARIO VALUES('V3','SMR','2A','EIEM');
INSERT INTO HORARIO VALUES('V4','SMR','2A','SERV');
INSERT INTO HORARIO VALUES('V5','SMR','2A','SERV');
INSERT INTO HORARIO VALUES('V6','SMR','2A','SEG');

INSERT INTO HORARIO VALUES('L1','DAM','2A','PSPRO');
INSERT INTO HORARIO VALUES('L2','DAM','2A','AD');
INSERT INTO HORARIO VALUES('L3','DAM','2A','AD');
INSERT INTO HORARIO VALUES('L4','DAM','2A','DI');
INSERT INTO HORARIO VALUES('L5','DAM','2A','DI');
INSERT INTO HORARIO VALUES('L6','DAM','2A','EIE');
INSERT INTO HORARIO VALUES('M1','DAM','2A','SGE');
INSERT INTO HORARIO VALUES('M2','DAM','2A','PMDMO');
INSERT INTO HORARIO VALUES('M3','DAM','2A','PMDMO');
INSERT INTO HORARIO VALUES('M4','DAM','2A','HLC');
INSERT INTO HORARIO VALUES('M5','DAM','2A','PSPRO');
INSERT INTO HORARIO VALUES('M6','DAM','2A','DI');
INSERT INTO HORARIO VALUES('J1','DAM','2A','AD');
INSERT INTO HORARIO VALUES('J2','DAM','2A','AD');
INSERT INTO HORARIO VALUES('J3','DAM','2A','EIE');
INSERT INTO HORARIO VALUES('J4','DAM','2A','HLC');
INSERT INTO HORARIO VALUES('J5','DAM','2A','SGE');
INSERT INTO HORARIO VALUES('J6','DAM','2A','DI');                         
INSERT INTO HORARIO VALUES('X1','DAM','2A','PSPRO');
INSERT INTO HORARIO VALUES('X2','DAM','2A','HLC');
INSERT INTO HORARIO VALUES('X3','DAM','2A','DI');
INSERT INTO HORARIO VALUES('X4','DAM','2A','EIE');
INSERT INTO HORARIO VALUES('X5','DAM','2A','AD');
INSERT INTO HORARIO VALUES('X6','DAM','2A','SGE');
INSERT INTO HORARIO VALUES('V1','DAM','2A','EIE');
INSERT INTO HORARIO VALUES('V2','DAM','2A','PMDMO');
INSERT INTO HORARIO VALUES('V3','DAM','2A','PMDMO');
INSERT INTO HORARIO VALUES('V4','DAM','2A','DI');
INSERT INTO HORARIO VALUES('V5','DAM','2A','DI');
INSERT INTO HORARIO VALUES('V6','DAM','2A','SGE');


/*PARA QUE SE GUARDEN LOS CAMBIOS.*/
COMMIT;